issuer,category,rating,maturity,yield
기업은행,금융채 은행채 AAA(중금-이표),AAA,0.25,2.77
산업은행,금융채 은행채 AAA(산금-이표),AAA,0.25,2.77
신한은행,금융채 은행채 AAA,AAA,0.25,2.791
스탠다드차타드은행,금융채 은행채 AAA,AAA,0.25,2.801
하나은행,금융채 은행채 AAA,AAA,0.25,2.791
아이엠뱅크,금융채 은행채 AAA,AAA,0.25,2.803
부산은행,금융채 은행채 AAA,AAA,0.25,2.803
국민은행,금융채 은행채 AAA,AAA,0.25,2.791
한국수출입은행,금융채 은행채 AAA,AAA,0.25,2.77
우리은행,금융채 은행채 AAA,AAA,0.25,2.791
수협은행,금융채 은행채 AAA,AAA,0.25,2.796
농협은행,금융채 은행채 AAA,AAA,0.25,2.791
제주은행,금융채 은행채 AA+,AA+,0.25,2.817
전북은행,금융채 은행채 AA+,AA+,0.25,2.81
경남은행,금융채 은행채 AA+,AA+,0.25,2.806
광주은행,금융채 은행채 AA+,AA+,0.25,2.813
예금보험공사(정부보증),공사/공단채 정부보증,AAA,0.25,2.706
한국장학재단,공사/공단채 정부보증,AAA,0.25,2.706
한국전력공사,공사/공단채 AAA,AAA,0.25,2.8
농협중앙회,공사/공단채 AAA,AAA,0.25,2.786
수협중앙회,공사/공단채 AAA,AAA,0.25,2.83
한국자산관리공사,공사/공단채 AAA,AAA,0.25,2.733
한국가스공사,공사/공단채 AAA,AAA,0.25,2.797
주택도시보증공사,공사/공단채 AAA,AAA,0.25,2.804
한국도로공사,공사/공단채 AAA,AAA,0.25,2.751
중소벤처기업진흥공단,공사/공단채 AAA,AAA,0.25,2.722
여수광양항만공사,공사/공단채 AAA,AAA,0.25,2.799
인천국제공항공사,공사/공단채 AAA,AAA,0.25,2.788
농어촌공사,공사/공단채 AAA,AAA,0.25,2.783
경기주택도시공사,공사/공단채 AAA,AAA,0.25,2.814
한국석유공사,공사/공단채 AAA,AAA,0.25,2.761
국가철도공단,공사/공단채 AAA,AAA,0.25,2.78
지역난방공사,공사/공단채 AAA,AAA,0.25,2.753
한국주택금융공사,공사/공단채 AAA,AAA,0.25,2.75
서울주택도시공사,공사/공단채 AAA,AAA,0.25,2.801
한국철도공사,공사/공단채 AAA,AAA,0.25,2.778
부산교통공사,공사/공단채 AAA,AAA,0.25,2.788
부산항만공사,공사/공단채 AAA,AAA,0.25,2.798
한국산업단지공단,공사/공단채 AAA,AAA,0.25,2.762
인천항만공사,공사/공단채 AAA,AAA,0.25,2.79
한국토지주택공사,공사/공단채 AAA,AAA,0.25,2.761
울산항만공사,공사/공단채 AAA,AAA,0.25,2.773
한국수자원공사,공사/공단채 AAA,AAA,0.25,2.754
서울교통공사,공사/공단채 AAA,AAA,0.25,2.83
한국해양진흥공사,공사/공단채 AAA,AAA,0.25,2.762
한국해외인프라도시개발지원공사,공사/공단채 AAA,AAA,0.25,2.812
한국공항공사,공사/공단채 AAA,AAA,0.25,2.795
광해광업공단,공사/공단채 AAA,AAA,0.25,2.815
평택도시공사,공사/공단채 AA0,AA,0.25,2.838
용인도시공사,공사/공단채 AA0,AA,0.25,2.957
하남도시공사,공사/공단채 AA0,AA,0.25,2.869
김해시도시개발공사,공사/공단채 AA0,AA,0.25,2.874
과천도시공사,공사/공단채 AA0,AA,0.25,2.916
고양도시관리공사,공사/공단채 AA0,AA,0.25,2.88
안산도시공사,공사/공단채 AA0,AA,0.25,2.942
안양도시공사,공사/공단채 AA0,AA,0.25,2.878
대구도시개발공사,공사/공단채 AA+,AA+,0.25,2.838
부산도시공사,공사/공단채 AA+,AA+,0.25,2.831
대전도시공사,공사/공단채 AA+,AA+,0.25,2.83
대구교통공사,공사/공단채 AA+,AA+,0.25,2.869
광주광역시도시공사,공사/공단채 AA+,AA+,0.25,2.854
인천도시공사,공사/공단채 AA+,AA+,0.25,2.804
경남개발공사,공사/공단채 AA+,AA+,0.25,2.849
경상북도개발공사,공사/공단채 AA+,AA+,0.25,2.844
전남개발공사,공사/공단채 AA+,AA+,0.25,2.826
충북개발공사,공사/공단채 AA+,AA+,0.25,2.825
충청남도개발공사,공사/공단채 AA+,AA+,0.25,2.846
울산도시공사,공사/공단채 AA+,AA+,0.25,2.836
인천교통공사,공사/공단채 AA+,AA+,0.25,2.843
경기평택항만공사,공사/공단채 AA+,AA+,0.25,2.958
세종도시교통공사,공사/공단채 AA+,AA+,0.25,2.849
기업은행,금융채 은행채 AAA(중금-이표),AAA,0.5,2.838
산업은행,금융채 은행채 AAA(산금-이표),AAA,0.5,2.838
신한은행,금융채 은행채 AAA,AAA,0.5,2.864
스탠다드차타드은행,금융채 은행채 AAA,AAA,0.5,2.877
하나은행,금융채 은행채 AAA,AAA,0.5,2.864
아이엠뱅크,금융채 은행채 AAA,AAA,0.5,2.876
부산은행,금융채 은행채 AAA,AAA,0.5,2.876
국민은행,금융채 은행채 AAA,AAA,0.5,2.864
한국수출입은행,금융채 은행채 AAA,AAA,0.5,2.838
우리은행,금융채 은행채 AAA,AAA,0.5,2.864
수협은행,금융채 은행채 AAA,AAA,0.5,2.869
농협은행,금융채 은행채 AAA,AAA,0.5,2.864
제주은행,금융채 은행채 AA+,AA+,0.5,2.893
전북은행,금융채 은행채 AA+,AA+,0.5,2.891
경남은행,금융채 은행채 AA+,AA+,0.5,2.882
광주은행,금융채 은행채 AA+,AA+,0.5,2.889
예금보험공사(정부보증),공사/공단채 정부보증,AAA,0.5,2.775
한국장학재단,공사/공단채 정부보증,AAA,0.5,2.775
한국전력공사,공사/공단채 AAA,AAA,0.5,2.879
농협중앙회,공사/공단채 AAA,AAA,0.5,2.871
수협중앙회,공사/공단채 AAA,AAA,0.5,2.923
한국자산관리공사,공사/공단채 AAA,AAA,0.5,2.812
한국가스공사,공사/공단채 AAA,AAA,0.5,2.883
주택도시보증공사,공사/공단채 AAA,AAA,0.5,2.866
한국도로공사,공사/공단채 AAA,AAA,0.5,2.834
중소벤처기업진흥공단,공사/공단채 AAA,AAA,0.5,2.81
여수광양항만공사,공사/공단채 AAA,AAA,0.5,2.883
인천국제공항공사,공사/공단채 AAA,AAA,0.5,2.874
농어촌공사,공사/공단채 AAA,AAA,0.5,2.865
경기주택도시공사,공사/공단채 AAA,AAA,0.5,2.9
한국석유공사,공사/공단채 AAA,AAA,0.5,2.839
국가철도공단,공사/공단채 AAA,AAA,0.5,2.859
지역난방공사,공사/공단채 AAA,AAA,0.5,2.835
한국주택금융공사,공사/공단채 AAA,AAA,0.5,2.822
서울주택도시공사,공사/공단채 AAA,AAA,0.5,2.895
한국철도공사,공사/공단채 AAA,AAA,0.5,2.859
부산교통공사,공사/공단채 AAA,AAA,0.5,2.87
부산항만공사,공사/공단채 AAA,AAA,0.5,2.88
한국산업단지공단,공사/공단채 AAA,AAA,0.5,2.844
인천항만공사,공사/공단채 AAA,AAA,0.5,2.874
한국토지주택공사,공사/공단채 AAA,AAA,0.5,2.842
울산항만공사,공사/공단채 AAA,AAA,0.5,2.851
한국수자원공사,공사/공단채 AAA,AAA,0.5,2.837
서울교통공사,공사/공단채 AAA,AAA,0.5,2.912
한국해양진흥공사,공사/공단채 AAA,AAA,0.5,2.844
한국해외인프라도시개발지원공사,공사/공단채 AAA,AAA,0.5,2.894
한국공항공사,공사/공단채 AAA,AAA,0.5,2.875
광해광업공단,공사/공단채 AAA,AAA,0.5,2.894
평택도시공사,공사/공단채 AA0,AA,0.5,2.917
용인도시공사,공사/공단채 AA0,AA,0.5,3.045
하남도시공사,공사/공단채 AA0,AA,0.5,2.945
김해시도시개발공사,공사/공단채 AA0,AA,0.5,2.949
과천도시공사,공사/공단채 AA0,AA,0.5,2.996
고양도시관리공사,공사/공단채 AA0,AA,0.5,2.959
안산도시공사,공사/공단채 AA0,AA,0.5,3.025
안양도시공사,공사/공단채 AA0,AA,0.5,2.979
대구도시개발공사,공사/공단채 AA+,AA+,0.5,2.916
부산도시공사,공사/공단채 AA+,AA+,0.5,2.911
대전도시공사,공사/공단채 AA+,AA+,0.5,2.913
대구교통공사,공사/공단채 AA+,AA+,0.5,2.951
광주광역시도시공사,공사/공단채 AA+,AA+,0.5,2.933
인천도시공사,공사/공단채 AA+,AA+,0.5,2.88
경남개발공사,공사/공단채 AA+,AA+,0.5,2.925
경상북도개발공사,공사/공단채 AA+,AA+,0.5,2.93
전남개발공사,공사/공단채 AA+,AA+,0.5,2.909
충북개발공사,공사/공단채 AA+,AA+,0.5,2.9
충청남도개발공사,공사/공단채 AA+,AA+,0.5,2.926
울산도시공사,공사/공단채 AA+,AA+,0.5,2.916
인천교통공사,공사/공단채 AA+,AA+,0.5,2.925
경기평택항만공사,공사/공단채 AA+,AA+,0.5,3.038
세종도시교통공사,공사/공단채 AA+,AA+,0.5,2.926
기업은행,금융채 은행채 AAA(중금-이표),AAA,0.75,2.898
산업은행,금융채 은행채 AAA(산금-이표),AAA,0.75,2.898
신한은행,금융채 은행채 AAA,AAA,0.75,2.928
스탠다드차타드은행,금융채 은행채 AAA,AAA,0.75,2.945
하나은행,금융채 은행채 AAA,AAA,0.75,2.928
아이엠뱅크,금융채 은행채 AAA,AAA,0.75,2.94
부산은행,금융채 은행채 AAA,AAA,0.75,2.94
국민은행,금융채 은행채 AAA,AAA,0.75,2.928
한국수출입은행,금융채 은행채 AAA,AAA,0.75,2.898
우리은행,금융채 은행채 AAA,AAA,0.75,2.928
수협은행,금융채 은행채 AAA,AAA,0.75,2.933
농협은행,금융채 은행채 AAA,AAA,0.75,2.928
제주은행,금융채 은행채 AA+,AA+,0.75,2.968
전북은행,금융채 은행채 AA+,AA+,0.75,2.951
경남은행,금융채 은행채 AA+,AA+,0.75,2.952
광주은행,금융채 은행채 AA+,AA+,0.75,2.959
예금보험공사(정부보증),공사/공단채 정부보증,AAA,0.75,2.841
한국장학재단,공사/공단채 정부보증,AAA,0.75,2.841
한국전력공사,공사/공단채 AAA,AAA,0.75,2.964
농협중앙회,공사/공단채 AAA,AAA,0.75,2.959
수협중앙회,공사/공단채 AAA,AAA,0.75,3.005
한국자산관리공사,공사/공단채 AAA,AAA,0.75,2.891
한국가스공사,공사/공단채 AAA,AAA,0.75,2.957
주택도시보증공사,공사/공단채 AAA,AAA,0.75,2.935
한국도로공사,공사/공단채 AAA,AAA,0.75,2.916
중소벤처기업진흥공단,공사/공단채 AAA,AAA,0.75,2.883
여수광양항만공사,공사/공단채 AAA,AAA,0.75,2.963
인천국제공항공사,공사/공단채 AAA,AAA,0.75,2.952
농어촌공사,공사/공단채 AAA,AAA,0.75,2.944
경기주택도시공사,공사/공단채 AAA,AAA,0.75,2.987
한국석유공사,공사/공단채 AAA,AAA,0.75,2.919
국가철도공단,공사/공단채 AAA,AAA,0.75,2.942
지역난방공사,공사/공단채 AAA,AAA,0.75,2.915
한국주택금융공사,공사/공단채 AAA,AAA,0.75,2.899
서울주택도시공사,공사/공단채 AAA,AAA,0.75,2.99
한국철도공사,공사/공단채 AAA,AAA,0.75,2.949
부산교통공사,공사/공단채 AAA,AAA,0.75,2.949
부산항만공사,공사/공단채 AAA,AAA,0.75,2.959
한국산업단지공단,공사/공단채 AAA,AAA,0.75,2.924
인천항만공사,공사/공단채 AAA,AAA,0.75,2.963
한국토지주택공사,공사/공단채 AAA,AAA,0.75,2.926
울산항만공사,공사/공단채 AAA,AAA,0.75,2.93
한국수자원공사,공사/공단채 AAA,AAA,0.75,2.918
서울교통공사,공사/공단채 AAA,AAA,0.75,2.99
한국해양진흥공사,공사/공단채 AAA,AAA,0.75,2.924
한국해외인프라도시개발지원공사,공사/공단채 AAA,AAA,0.75,2.981
한국공항공사,공사/공단채 AAA,AAA,0.75,2.958
광해광업공단,공사/공단채 AAA,AAA,0.75,2.977
평택도시공사,공사/공단채 AA0,AA,0.75,3.028
용인도시공사,공사/공단채 AA0,AA,0.75,3.151
하남도시공사,공사/공단채 AA0,AA,0.75,3.06
김해시도시개발공사,공사/공단채 AA0,AA,0.75,3.062
과천도시공사,공사/공단채 AA0,AA,0.75,3.103
고양도시관리공사,공사/공단채 AA0,AA,0.75,3.069
안산도시공사,공사/공단채 AA0,AA,0.75,3.133
안양도시공사,공사/공단채 AA0,AA,0.75,3.066
대구도시개발공사,공사/공단채 AA+,AA+,0.75,3.013
부산도시공사,공사/공단채 AA+,AA+,0.75,3.007
대전도시공사,공사/공단채 AA+,AA+,0.75,3.007
대구교통공사,공사/공단채 AA+,AA+,0.75,3.05
광주광역시도시공사,공사/공단채 AA+,AA+,0.75,3.037
인천도시공사,공사/공단채 AA+,AA+,0.75,2.974
경남개발공사,공사/공단채 AA+,AA+,0.75,3.021
경상북도개발공사,공사/공단채 AA+,AA+,0.75,3.025
전남개발공사,공사/공단채 AA+,AA+,0.75,2.993
충북개발공사,공사/공단채 AA+,AA+,0.75,2.993
충청남도개발공사,공사/공단채 AA+,AA+,0.75,3.026
울산도시공사,공사/공단채 AA+,AA+,0.75,3.012
인천교통공사,공사/공단채 AA+,AA+,0.75,3.015
경기평택항만공사,공사/공단채 AA+,AA+,0.75,3.14
세종도시교통공사,공사/공단채 AA+,AA+,0.75,3.022
기업은행,금융채 은행채 AAA(중금-이표),AAA,1.0,3.046
산업은행,금융채 은행채 AAA(산금-이표),AAA,1.0,3.046
신한은행,금융채 은행채 AAA,AAA,1.0,3.098
스탠다드차타드은행,금융채 은행채 AAA,AAA,1.0,3.115
하나은행,금융채 은행채 AAA,AAA,1.0,3.098
아이엠뱅크,금융채 은행채 AAA,AAA,1.0,3.111
부산은행,금융채 은행채 AAA,AAA,1.0,3.11
국민은행,금융채 은행채 AAA,AAA,1.0,3.098
한국수출입은행,금융채 은행채 AAA,AAA,1.0,3.046
우리은행,금융채 은행채 AAA,AAA,1.0,3.098
수협은행,금융채 은행채 AAA,AAA,1.0,3.104
농협은행,금융채 은행채 AAA,AAA,1.0,3.098
제주은행,금융채 은행채 AA+,AA+,1.0,3.154
전북은행,금융채 은행채 AA+,AA+,1.0,3.16
경남은행,금융채 은행채 AA+,AA+,1.0,3.138
광주은행,금융채 은행채 AA+,AA+,1.0,3.147
예금보험공사(정부보증),공사/공단채 정부보증,AAA,1.0,3.013
한국장학재단,공사/공단채 정부보증,AAA,1.0,3.013
한국전력공사,공사/공단채 AAA,AAA,1.0,3.122
농협중앙회,공사/공단채 AAA,AAA,1.0,3.131
수협중앙회,공사/공단채 AAA,AAA,1.0,3.166
한국자산관리공사,공사/공단채 AAA,AAA,1.0,3.058
한국가스공사,공사/공단채 AAA,AAA,1.0,3.124
주택도시보증공사,공사/공단채 AAA,AAA,1.0,3.127
한국도로공사,공사/공단채 AAA,AAA,1.0,3.076
중소벤처기업진흥공단,공사/공단채 AAA,AAA,1.0,3.046
여수광양항만공사,공사/공단채 AAA,AAA,1.0,3.125
인천국제공항공사,공사/공단채 AAA,AAA,1.0,3.114
농어촌공사,공사/공단채 AAA,AAA,1.0,3.108
경기주택도시공사,공사/공단채 AAA,AAA,1.0,3.149
한국석유공사,공사/공단채 AAA,AAA,1.0,3.084
국가철도공단,공사/공단채 AAA,AAA,1.0,3.104
지역난방공사,공사/공단채 AAA,AAA,1.0,3.074
한국주택금융공사,공사/공단채 AAA,AAA,1.0,3.064
서울주택도시공사,공사/공단채 AAA,AAA,1.0,3.168
한국철도공사,공사/공단채 AAA,AAA,1.0,3.109
부산교통공사,공사/공단채 AAA,AAA,1.0,3.121
부산항만공사,공사/공단채 AAA,AAA,1.0,3.124
한국산업단지공단,공사/공단채 AAA,AAA,1.0,3.086
인천항만공사,공사/공단채 AAA,AAA,1.0,3.128
한국토지주택공사,공사/공단채 AAA,AAA,1.0,3.093
울산항만공사,공사/공단채 AAA,AAA,1.0,3.093
한국수자원공사,공사/공단채 AAA,AAA,1.0,3.078
서울교통공사,공사/공단채 AAA,AAA,1.0,3.155
한국해양진흥공사,공사/공단채 AAA,AAA,1.0,3.086
한국해외인프라도시개발지원공사,공사/공단채 AAA,AAA,1.0,3.146
한국공항공사,공사/공단채 AAA,AAA,1.0,3.126
광해광업공단,공사/공단채 AAA,AAA,1.0,3.141
평택도시공사,공사/공단채 AA0,AA,1.0,3.192
용인도시공사,공사/공단채 AA0,AA,1.0,3.307
하남도시공사,공사/공단채 AA0,AA,1.0,3.226
김해시도시개발공사,공사/공단채 AA0,AA,1.0,3.223
과천도시공사,공사/공단채 AA0,AA,1.0,3.269
고양도시관리공사,공사/공단채 AA0,AA,1.0,3.226
안산도시공사,공사/공단채 AA0,AA,1.0,3.287
안양도시공사,공사/공단채 AA0,AA,1.0,3.224
대구도시개발공사,공사/공단채 AA+,AA+,1.0,3.161
부산도시공사,공사/공단채 AA+,AA+,1.0,3.153
대전도시공사,공사/공단채 AA+,AA+,1.0,3.159
대구교통공사,공사/공단채 AA+,AA+,1.0,3.207
광주광역시도시공사,공사/공단채 AA+,AA+,1.0,3.189
인천도시공사,공사/공단채 AA+,AA+,1.0,3.124
경남개발공사,공사/공단채 AA+,AA+,1.0,3.171
경상북도개발공사,공사/공단채 AA+,AA+,1.0,3.172
전남개발공사,공사/공단채 AA+,AA+,1.0,3.153
충북개발공사,공사/공단채 AA+,AA+,1.0,3.139
충청남도개발공사,공사/공단채 AA+,AA+,1.0,3.172
울산도시공사,공사/공단채 AA+,AA+,1.0,3.162
인천교통공사,공사/공단채 AA+,AA+,1.0,3.164
경기평택항만공사,공사/공단채 AA+,AA+,1.0,3.297
세종도시교통공사,공사/공단채 AA+,AA+,1.0,3.172
기업은행,금융채 은행채 AAA(중금-이표),AAA,1.5,3.267
산업은행,금융채 은행채 AAA(산금-이표),AAA,1.5,3.267
신한은행,금융채 은행채 AAA,AAA,1.5,3.331
스탠다드차타드은행,금융채 은행채 AAA,AAA,1.5,3.348
하나은행,금융채 은행채 AAA,AAA,1.5,3.331
아이엠뱅크,금융채 은행채 AAA,AAA,1.5,3.345
부산은행,금융채 은행채 AAA,AAA,1.5,3.343
국민은행,금융채 은행채 AAA,AAA,1.5,3.331
한국수출입은행,금융채 은행채 AAA,AAA,1.5,3.267
우리은행,금융채 은행채 AAA,AAA,1.5,3.331
수협은행,금융채 은행채 AAA,AAA,1.5,3.339
농협은행,금융채 은행채 AAA,AAA,1.5,3.331
제주은행,금융채 은행채 AA+,AA+,1.5,3.403
전북은행,금융채 은행채 AA+,AA+,1.5,3.41
경남은행,금융채 은행채 AA+,AA+,1.5,3.389
광주은행,금융채 은행채 AA+,AA+,1.5,3.396
예금보험공사(정부보증),공사/공단채 정부보증,AAA,1.5,3.171
한국장학재단,공사/공단채 정부보증,AAA,1.5,3.171
한국전력공사,공사/공단채 AAA,AAA,1.5,3.296
농협중앙회,공사/공단채 AAA,AAA,1.5,3.298
수협중앙회,공사/공단채 AAA,AAA,1.5,3.339
한국자산관리공사,공사/공단채 AAA,AAA,1.5,3.223
한국가스공사,공사/공단채 AAA,AAA,1.5,3.294
주택도시보증공사,공사/공단채 AAA,AAA,1.5,3.291
한국도로공사,공사/공단채 AAA,AAA,1.5,3.241
중소벤처기업진흥공단,공사/공단채 AAA,AAA,1.5,3.217
여수광양항만공사,공사/공단채 AAA,AAA,1.5,3.298
인천국제공항공사,공사/공단채 AAA,AAA,1.5,3.288
농어촌공사,공사/공단채 AAA,AAA,1.5,3.281
경기주택도시공사,공사/공단채 AAA,AAA,1.5,3.326
한국석유공사,공사/공단채 AAA,AAA,1.5,3.256
국가철도공단,공사/공단채 AAA,AAA,1.5,3.278
지역난방공사,공사/공단채 AAA,AAA,1.5,3.252
한국주택금융공사,공사/공단채 AAA,AAA,1.5,3.239
서울주택도시공사,공사/공단채 AAA,AAA,1.5,3.341
한국철도공사,공사/공단채 AAA,AAA,1.5,3.276
부산교통공사,공사/공단채 AAA,AAA,1.5,3.294
부산항만공사,공사/공단채 AAA,AAA,1.5,3.3
한국산업단지공단,공사/공단채 AAA,AAA,1.5,3.258
인천항만공사,공사/공단채 AAA,AAA,1.5,3.303
한국토지주택공사,공사/공단채 AAA,AAA,1.5,3.262
울산항만공사,공사/공단채 AAA,AAA,1.5,3.264
한국수자원공사,공사/공단채 AAA,AAA,1.5,3.242
서울교통공사,공사/공단채 AAA,AAA,1.5,3.331
한국해양진흥공사,공사/공단채 AAA,AAA,1.5,3.255
한국해외인프라도시개발지원공사,공사/공단채 AAA,AAA,1.5,3.317
한국공항공사,공사/공단채 AAA,AAA,1.5,3.299
광해광업공단,공사/공단채 AAA,AAA,1.5,3.313
평택도시공사,공사/공단채 AA0,AA,1.5,3.403
용인도시공사,공사/공단채 AA0,AA,1.5,3.525
하남도시공사,공사/공단채 AA0,AA,1.5,3.46
김해시도시개발공사,공사/공단채 AA0,AA,1.5,3.435
과천도시공사,공사/공단채 AA0,AA,1.5,3.489
고양도시관리공사,공사/공단채 AA0,AA,1.5,3.451
안산도시공사,공사/공단채 AA0,AA,1.5,3.506
안양도시공사,공사/공단채 AA0,AA,1.5,3.437
대구도시개발공사,공사/공단채 AA+,AA+,1.5,3.34
부산도시공사,공사/공단채 AA+,AA+,1.5,3.334
대전도시공사,공사/공단채 AA+,AA+,1.5,3.336
대구교통공사,공사/공단채 AA+,AA+,1.5,3.38
광주광역시도시공사,공사/공단채 AA+,AA+,1.5,3.366
인천도시공사,공사/공단채 AA+,AA+,1.5,3.296
경남개발공사,공사/공단채 AA+,AA+,1.5,3.348
경상북도개발공사,공사/공단채 AA+,AA+,1.5,3.355
전남개발공사,공사/공단채 AA+,AA+,1.5,3.316
충북개발공사,공사/공단채 AA+,AA+,1.5,3.32
충청남도개발공사,공사/공단채 AA+,AA+,1.5,3.364
울산도시공사,공사/공단채 AA+,AA+,1.5,3.341
인천교통공사,공사/공단채 AA+,AA+,1.5,3.342
경기평택항만공사,공사/공단채 AA+,AA+,1.5,3.479
세종도시교통공사,공사/공단채 AA+,AA+,1.5,3.349
기업은행,금융채 은행채 AAA(중금-이표),AAA,2.0,3.426
산업은행,금융채 은행채 AAA(산금-이표),AAA,2.0,3.426
신한은행,금융채 은행채 AAA,AAA,2.0,3.474
스탠다드차타드은행,금융채 은행채 AAA,AAA,2.0,3.491
하나은행,금융채 은행채 AAA,AAA,2.0,3.474
아이엠뱅크,금융채 은행채 AAA,AAA,2.0,3.49
부산은행,금융채 은행채 AAA,AAA,2.0,3.489
국민은행,금융채 은행채 AAA,AAA,2.0,3.474
한국수출입은행,금융채 은행채 AAA,AAA,2.0,3.426
우리은행,금융채 은행채 AAA,AAA,2.0,3.474
수협은행,금융채 은행채 AAA,AAA,2.0,3.483
농협은행,금융채 은행채 AAA,AAA,2.0,3.474
제주은행,금융채 은행채 AA+,AA+,2.0,3.566
전북은행,금융채 은행채 AA+,AA+,2.0,3.563
경남은행,금융채 은행채 AA+,AA+,2.0,3.55
광주은행,금융채 은행채 AA+,AA+,2.0,3.557
예금보험공사(정부보증),공사/공단채 정부보증,AAA,2.0,3.388
한국장학재단,공사/공단채 정부보증,AAA,2.0,3.388
한국전력공사,공사/공단채 AAA,AAA,2.0,3.523
농협중앙회,공사/공단채 AAA,AAA,2.0,3.535
수협중앙회,공사/공단채 AAA,AAA,2.0,3.562
한국자산관리공사,공사/공단채 AAA,AAA,2.0,3.458
한국가스공사,공사/공단채 AAA,AAA,2.0,3.523
주택도시보증공사,공사/공단채 AAA,AAA,2.0,3.536
한국도로공사,공사/공단채 AAA,AAA,2.0,3.484
중소벤처기업진흥공단,공사/공단채 AAA,AAA,2.0,3.451
여수광양항만공사,공사/공단채 AAA,AAA,2.0,3.532
인천국제공항공사,공사/공단채 AAA,AAA,2.0,3.521
농어촌공사,공사/공단채 AAA,AAA,2.0,3.509
경기주택도시공사,공사/공단채 AAA,AAA,2.0,3.565
한국석유공사,공사/공단채 AAA,AAA,2.0,3.489
국가철도공단,공사/공단채 AAA,AAA,2.0,3.514
지역난방공사,공사/공단채 AAA,AAA,2.0,3.482
한국주택금융공사,공사/공단채 AAA,AAA,2.0,3.464
서울주택도시공사,공사/공단채 AAA,AAA,2.0,3.572
한국철도공사,공사/공단채 AAA,AAA,2.0,3.513
부산교통공사,공사/공단채 AAA,AAA,2.0,3.526
부산항만공사,공사/공단채 AAA,AAA,2.0,3.532
한국산업단지공단,공사/공단채 AAA,AAA,2.0,3.492
인천항만공사,공사/공단채 AAA,AAA,2.0,3.543
한국토지주택공사,공사/공단채 AAA,AAA,2.0,3.494
울산항만공사,공사/공단채 AAA,AAA,2.0,3.498
한국수자원공사,공사/공단채 AAA,AAA,2.0,3.484
서울교통공사,공사/공단채 AAA,AAA,2.0,3.568
한국해양진흥공사,공사/공단채 AAA,AAA,2.0,3.486
한국해외인프라도시개발지원공사,공사/공단채 AAA,AAA,2.0,3.56
한국공항공사,공사/공단채 AAA,AAA,2.0,3.53
광해광업공단,공사/공단채 AAA,AAA,2.0,3.545
평택도시공사,공사/공단채 AA0,AA,2.0,3.666
용인도시공사,공사/공단채 AA0,AA,2.0,3.79
하남도시공사,공사/공단채 AA0,AA,2.0,3.745
김해시도시개발공사,공사/공단채 AA0,AA,2.0,3.7
과천도시공사,공사/공단채 AA0,AA,2.0,3.748
고양도시관리공사,공사/공단채 AA0,AA,2.0,3.727
안산도시공사,공사/공단채 AA0,AA,2.0,3.77
안양도시공사,공사/공단채 AA0,AA,2.0,3.711
대구도시개발공사,공사/공단채 AA+,AA+,2.0,3.601
부산도시공사,공사/공단채 AA+,AA+,2.0,3.601
대전도시공사,공사/공단채 AA+,AA+,2.0,3.596
대구교통공사,공사/공단채 AA+,AA+,2.0,3.645
광주광역시도시공사,공사/공단채 AA+,AA+,2.0,3.626
인천도시공사,공사/공단채 AA+,AA+,2.0,3.55
경남개발공사,공사/공단채 AA+,AA+,2.0,3.611
경상북도개발공사,공사/공단채 AA+,AA+,2.0,3.617
전남개발공사,공사/공단채 AA+,AA+,2.0,3.586
충북개발공사,공사/공단채 AA+,AA+,2.0,3.58
충청남도개발공사,공사/공단채 AA+,AA+,2.0,3.641
울산도시공사,공사/공단채 AA+,AA+,2.0,3.6
인천교통공사,공사/공단채 AA+,AA+,2.0,3.601
경기평택항만공사,공사/공단채 AA+,AA+,2.0,3.736
세종도시교통공사,공사/공단채 AA+,AA+,2.0,3.607
기업은행,금융채 은행채 AAA(중금-이표),AAA,2.5,3.445
산업은행,금융채 은행채 AAA(산금-이표),AAA,2.5,3.445
신한은행,금융채 은행채 AAA,AAA,2.5,3.509
스탠다드차타드은행,금융채 은행채 AAA,AAA,2.5,3.526
하나은행,금융채 은행채 AAA,AAA,2.5,3.509
아이엠뱅크,금융채 은행채 AAA,AAA,2.5,3.526
부산은행,금융채 은행채 AAA,AAA,2.5,3.524
국민은행,금융채 은행채 AAA,AAA,2.5,3.509
한국수출입은행,금융채 은행채 AAA,AAA,2.5,3.445
우리은행,금융채 은행채 AAA,AAA,2.5,3.509
수협은행,금융채 은행채 AAA,AAA,2.5,3.52
농협은행,금융채 은행채 AAA,AAA,2.5,3.509
제주은행,금융채 은행채 AA+,AA+,2.5,3.603
전북은행,금융채 은행채 AA+,AA+,2.5,3.599
경남은행,금융채 은행채 AA+,AA+,2.5,3.583
광주은행,금융채 은행채 AA+,AA+,2.5,3.589
예금보험공사(정부보증),공사/공단채 정부보증,AAA,2.5,3.423
한국장학재단,공사/공단채 정부보증,AAA,2.5,3.423
한국전력공사,공사/공단채 AAA,AAA,2.5,3.58
농협중앙회,공사/공단채 AAA,AAA,2.5,3.577
수협중앙회,공사/공단채 AAA,AAA,2.5,3.597
한국자산관리공사,공사/공단채 AAA,AAA,2.5,3.504
한국가스공사,공사/공단채 AAA,AAA,2.5,3.571
주택도시보증공사,공사/공단채 AAA,AAA,2.5,3.578
한국도로공사,공사/공단채 AAA,AAA,2.5,3.54
중소벤처기업진흥공단,공사/공단채 AAA,AAA,2.5,3.497
여수광양항만공사,공사/공단채 AAA,AAA,2.5,3.585
인천국제공항공사,공사/공단채 AAA,AAA,2.5,3.568
농어촌공사,공사/공단채 AAA,AAA,2.5,3.561
경기주택도시공사,공사/공단채 AAA,AAA,2.5,3.616
한국석유공사,공사/공단채 AAA,AAA,2.5,3.537
국가철도공단,공사/공단채 AAA,AAA,2.5,3.562
지역난방공사,공사/공단채 AAA,AAA,2.5,3.522
한국주택금융공사,공사/공단채 AAA,AAA,2.5,3.5
서울주택도시공사,공사/공단채 AAA,AAA,2.5,3.615
한국철도공사,공사/공단채 AAA,AAA,2.5,3.557
부산교통공사,공사/공단채 AAA,AAA,2.5,3.579
부산항만공사,공사/공단채 AAA,AAA,2.5,3.582
한국산업단지공단,공사/공단채 AAA,AAA,2.5,3.539
인천항만공사,공사/공단채 AAA,AAA,2.5,3.593
한국토지주택공사,공사/공단채 AAA,AAA,2.5,3.543
울산항만공사,공사/공단채 AAA,AAA,2.5,3.546
한국수자원공사,공사/공단채 AAA,AAA,2.5,3.538
서울교통공사,공사/공단채 AAA,AAA,2.5,3.617
한국해양진흥공사,공사/공단채 AAA,AAA,2.5,3.534
한국해외인프라도시개발지원공사,공사/공단채 AAA,AAA,2.5,3.605
한국공항공사,공사/공단채 AAA,AAA,2.5,3.576
광해광업공단,공사/공단채 AAA,AAA,2.5,3.592
평택도시공사,공사/공단채 AA0,AA,2.5,3.749
용인도시공사,공사/공단채 AA0,AA,2.5,3.868
하남도시공사,공사/공단채 AA0,AA,2.5,3.844
김해시도시개발공사,공사/공단채 AA0,AA,2.5,3.77
과천도시공사,공사/공단채 AA0,AA,2.5,3.829
고양도시관리공사,공사/공단채 AA0,AA,2.5,3.809
안산도시공사,공사/공단채 AA0,AA,2.5,3.844
안양도시공사,공사/공단채 AA0,AA,2.5,3.781
대구도시개발공사,공사/공단채 AA+,AA+,2.5,3.657
부산도시공사,공사/공단채 AA+,AA+,2.5,3.658
대전도시공사,공사/공단채 AA+,AA+,2.5,3.656
대구교통공사,공사/공단채 AA+,AA+,2.5,3.698
광주광역시도시공사,공사/공단채 AA+,AA+,2.5,3.682
인천도시공사,공사/공단채 AA+,AA+,2.5,3.609
경남개발공사,공사/공단채 AA+,AA+,2.5,3.667
경상북도개발공사,공사/공단채 AA+,AA+,2.5,3.676
전남개발공사,공사/공단채 AA+,AA+,2.5,3.646
충북개발공사,공사/공단채 AA+,AA+,2.5,3.638
충청남도개발공사,공사/공단채 AA+,AA+,2.5,3.694
울산도시공사,공사/공단채 AA+,AA+,2.5,3.659
인천교통공사,공사/공단채 AA+,AA+,2.5,3.658
경기평택항만공사,공사/공단채 AA+,AA+,2.5,3.798
세종도시교통공사,공사/공단채 AA+,AA+,2.5,3.663
기업은행,금융채 은행채 AAA(중금-이표),AAA,3.0,3.559
산업은행,금융채 은행채 AAA(산금-이표),AAA,3.0,3.559
신한은행,금융채 은행채 AAA,AAA,3.0,3.648
스탠다드차타드은행,금융채 은행채 AAA,AAA,3.0,3.665
하나은행,금융채 은행채 AAA,AAA,3.0,3.648
아이엠뱅크,금융채 은행채 AAA,AAA,3.0,3.665
부산은행,금융채 은행채 AAA,AAA,3.0,3.663
국민은행,금융채 은행채 AAA,AAA,3.0,3.648
한국수출입은행,금융채 은행채 AAA,AAA,3.0,3.559
우리은행,금융채 은행채 AAA,AAA,3.0,3.648
수협은행,금융채 은행채 AAA,AAA,3.0,3.66
농협은행,금융채 은행채 AAA,AAA,3.0,3.648
제주은행,금융채 은행채 AA+,AA+,3.0,3.733
전북은행,금융채 은행채 AA+,AA+,3.0,3.731
경남은행,금융채 은행채 AA+,AA+,3.0,3.713
광주은행,금융채 은행채 AA+,AA+,3.0,3.72
예금보험공사(정부보증),공사/공단채 정부보증,AAA,3.0,3.524
한국장학재단,공사/공단채 정부보증,AAA,3.0,3.524
한국전력공사,공사/공단채 AAA,AAA,3.0,3.69
농협중앙회,공사/공단채 AAA,AAA,3.0,3.687
수협중앙회,공사/공단채 AAA,AAA,3.0,3.716
한국자산관리공사,공사/공단채 AAA,AAA,3.0,3.625
한국가스공사,공사/공단채 AAA,AAA,3.0,3.688
주택도시보증공사,공사/공단채 AAA,AAA,3.0,3.691
한국도로공사,공사/공단채 AAA,AAA,3.0,3.665
중소벤처기업진흥공단,공사/공단채 AAA,AAA,3.0,3.619
여수광양항만공사,공사/공단채 AAA,AAA,3.0,3.706
인천국제공항공사,공사/공단채 AAA,AAA,3.0,3.685
농어촌공사,공사/공단채 AAA,AAA,3.0,3.678
경기주택도시공사,공사/공단채 AAA,AAA,3.0,3.732
한국석유공사,공사/공단채 AAA,AAA,3.0,3.654
국가철도공단,공사/공단채 AAA,AAA,3.0,3.683
지역난방공사,공사/공단채 AAA,AAA,3.0,3.634
한국주택금융공사,공사/공단채 AAA,AAA,3.0,3.613
서울주택도시공사,공사/공단채 AAA,AAA,3.0,3.732
한국철도공사,공사/공단채 AAA,AAA,3.0,3.676
부산교통공사,공사/공단채 AAA,AAA,3.0,3.706
부산항만공사,공사/공단채 AAA,AAA,3.0,3.702
한국산업단지공단,공사/공단채 AAA,AAA,3.0,3.657
인천항만공사,공사/공단채 AAA,AAA,3.0,3.711
한국토지주택공사,공사/공단채 AAA,AAA,3.0,3.665
울산항만공사,공사/공단채 AAA,AAA,3.0,3.664
한국수자원공사,공사/공단채 AAA,AAA,3.0,3.663
서울교통공사,공사/공단채 AAA,AAA,3.0,3.732
한국해양진흥공사,공사/공단채 AAA,AAA,3.0,3.654
한국해외인프라도시개발지원공사,공사/공단채 AAA,AAA,3.0,3.718
한국공항공사,공사/공단채 AAA,AAA,3.0,3.691
광해광업공단,공사/공단채 AAA,AAA,3.0,3.709
평택도시공사,공사/공단채 AA0,AA,3.0,3.892
용인도시공사,공사/공단채 AA0,AA,3.0,4.0
하남도시공사,공사/공단채 AA0,AA,3.0,3.983
김해시도시개발공사,공사/공단채 AA0,AA,3.0,3.888
과천도시공사,공사/공단채 AA0,AA,3.0,3.952
고양도시관리공사,공사/공단채 AA0,AA,3.0,3.948
안산도시공사,공사/공단채 AA0,AA,3.0,3.98
안양도시공사,공사/공단채 AA0,AA,3.0,3.898
대구도시개발공사,공사/공단채 AA+,AA+,3.0,3.778
부산도시공사,공사/공단채 AA+,AA+,3.0,3.786
대전도시공사,공사/공단채 AA+,AA+,3.0,3.784
대구교통공사,공사/공단채 AA+,AA+,3.0,3.826
광주광역시도시공사,공사/공단채 AA+,AA+,3.0,3.807
인천도시공사,공사/공단채 AA+,AA+,3.0,3.728
경남개발공사,공사/공단채 AA+,AA+,3.0,3.788
경상북도개발공사,공사/공단채 AA+,AA+,3.0,3.798
전남개발공사,공사/공단채 AA+,AA+,3.0,3.773
충북개발공사,공사/공단채 AA+,AA+,3.0,3.77
충청남도개발공사,공사/공단채 AA+,AA+,3.0,3.816
울산도시공사,공사/공단채 AA+,AA+,3.0,3.785
인천교통공사,공사/공단채 AA+,AA+,3.0,3.78
경기평택항만공사,공사/공단채 AA+,AA+,3.0,3.928
세종도시교통공사,공사/공단채 AA+,AA+,3.0,3.786
기업은행,금융채 은행채 AAA(중금-이표),AAA,4.0,3.556
산업은행,금융채 은행채 AAA(산금-이표),AAA,4.0,3.552
신한은행,금융채 은행채 AAA,AAA,4.0,3.648
스탠다드차타드은행,금융채 은행채 AAA,AAA,4.0,3.666
하나은행,금융채 은행채 AAA,AAA,4.0,3.648
아이엠뱅크,금융채 은행채 AAA,AAA,4.0,3.667
부산은행,금융채 은행채 AAA,AAA,4.0,3.666
국민은행,금융채 은행채 AAA,AAA,4.0,3.648
한국수출입은행,금융채 은행채 AAA,AAA,4.0,3.552
우리은행,금융채 은행채 AAA,AAA,4.0,3.648
수협은행,금융채 은행채 AAA,AAA,4.0,3.661
농협은행,금융채 은행채 AAA,AAA,4.0,3.648
제주은행,금융채 은행채 AA+,AA+,4.0,3.738
전북은행,금융채 은행채 AA+,AA+,4.0,3.727
경남은행,금융채 은행채 AA+,AA+,4.0,3.717
광주은행,금융채 은행채 AA+,AA+,4.0,3.724
예금보험공사(정부보증),공사/공단채 정부보증,AAA,4.0,3.54
한국장학재단,공사/공단채 정부보증,AAA,4.0,3.54
한국전력공사,공사/공단채 AAA,AAA,4.0,3.711
농협중앙회,공사/공단채 AAA,AAA,4.0,3.691
수협중앙회,공사/공단채 AAA,AAA,4.0,3.713
한국자산관리공사,공사/공단채 AAA,AAA,4.0,3.622
한국가스공사,공사/공단채 AAA,AAA,4.0,3.693
주택도시보증공사,공사/공단채 AAA,AAA,4.0,3.687
한국도로공사,공사/공단채 AAA,AAA,4.0,3.671
중소벤처기업진흥공단,공사/공단채 AAA,AAA,4.0,3.627
여수광양항만공사,공사/공단채 AAA,AAA,4.0,3.715
인천국제공항공사,공사/공단채 AAA,AAA,4.0,3.685
농어촌공사,공사/공단채 AAA,AAA,4.0,3.68
경기주택도시공사,공사/공단채 AAA,AAA,4.0,3.74
한국석유공사,공사/공단채 AAA,AAA,4.0,3.657
국가철도공단,공사/공단채 AAA,AAA,4.0,3.679
지역난방공사,공사/공단채 AAA,AAA,4.0,3.637
한국주택금융공사,공사/공단채 AAA,AAA,4.0,3.619
서울주택도시공사,공사/공단채 AAA,AAA,4.0,3.728
한국철도공사,공사/공단채 AAA,AAA,4.0,3.676
부산교통공사,공사/공단채 AAA,AAA,4.0,3.726
부산항만공사,공사/공단채 AAA,AAA,4.0,3.71
한국산업단지공단,공사/공단채 AAA,AAA,4.0,3.66
인천항만공사,공사/공단채 AAA,AAA,4.0,3.717
한국토지주택공사,공사/공단채 AAA,AAA,4.0,3.667
울산항만공사,공사/공단채 AAA,AAA,4.0,3.667
한국수자원공사,공사/공단채 AAA,AAA,4.0,3.669
서울교통공사,공사/공단채 AAA,AAA,4.0,3.756
한국해양진흥공사,공사/공단채 AAA,AAA,4.0,3.657
한국해외인프라도시개발지원공사,공사/공단채 AAA,AAA,4.0,3.718
한국공항공사,공사/공단채 AAA,AAA,4.0,3.701
광해광업공단,공사/공단채 AAA,AAA,4.0,3.716
평택도시공사,공사/공단채 AA0,AA,4.0,3.925
용인도시공사,공사/공단채 AA0,AA,4.0,4.022
하남도시공사,공사/공단채 AA0,AA,4.0,3.994
김해시도시개발공사,공사/공단채 AA0,AA,4.0,3.922
과천도시공사,공사/공단채 AA0,AA,4.0,4.005
고양도시관리공사,공사/공단채 AA0,AA,4.0,3.968
안산도시공사,공사/공단채 AA0,AA,4.0,4.006
안양도시공사,공사/공단채 AA0,AA,4.0,3.902
대구도시개발공사,공사/공단채 AA+,AA+,4.0,3.794
부산도시공사,공사/공단채 AA+,AA+,4.0,3.787
대전도시공사,공사/공단채 AA+,AA+,4.0,3.8
대구교통공사,공사/공단채 AA+,AA+,4.0,3.843
광주광역시도시공사,공사/공단채 AA+,AA+,4.0,3.819
인천도시공사,공사/공단채 AA+,AA+,4.0,3.756
경남개발공사,공사/공단채 AA+,AA+,4.0,3.805
경상북도개발공사,공사/공단채 AA+,AA+,4.0,3.817
전남개발공사,공사/공단채 AA+,AA+,4.0,3.776
충북개발공사,공사/공단채 AA+,AA+,4.0,3.788
충청남도개발공사,공사/공단채 AA+,AA+,4.0,3.826
울산도시공사,공사/공단채 AA+,AA+,4.0,3.798
인천교통공사,공사/공단채 AA+,AA+,4.0,3.798
경기평택항만공사,공사/공단채 AA+,AA+,4.0,3.935
세종도시교통공사,공사/공단채 AA+,AA+,4.0,3.803
기업은행,금융채 은행채 AAA(중금-이표),AAA,5.0,3.705
산업은행,금융채 은행채 AAA(산금-이표),AAA,5.0,3.698
신한은행,금융채 은행채 AAA,AAA,5.0,3.768
스탠다드차타드은행,금융채 은행채 AAA,AAA,5.0,3.786
하나은행,금융채 은행채 AAA,AAA,5.0,3.768
아이엠뱅크,금융채 은행채 AAA,AAA,5.0,3.787
부산은행,금융채 은행채 AAA,AAA,5.0,3.786
국민은행,금융채 은행채 AAA,AAA,5.0,3.768
한국수출입은행,금융채 은행채 AAA,AAA,5.0,3.698
우리은행,금융채 은행채 AAA,AAA,5.0,3.768
수협은행,금융채 은행채 AAA,AAA,5.0,3.78
농협은행,금융채 은행채 AAA,AAA,5.0,3.768
제주은행,금융채 은행채 AA+,AA+,5.0,3.86
전북은행,금융채 은행채 AA+,AA+,5.0,3.846
경남은행,금융채 은행채 AA+,AA+,5.0,3.839
광주은행,금융채 은행채 AA+,AA+,5.0,3.845
예금보험공사(정부보증),공사/공단채 정부보증,AAA,5.0,3.683
한국장학재단,공사/공단채 정부보증,AAA,5.0,3.683
한국전력공사,공사/공단채 AAA,AAA,5.0,3.777
농협중앙회,공사/공단채 AAA,AAA,5.0,3.744
수협중앙회,공사/공단채 AAA,AAA,5.0,3.769
한국자산관리공사,공사/공단채 AAA,AAA,5.0,3.669
한국가스공사,공사/공단채 AAA,AAA,5.0,3.747
주택도시보증공사,공사/공단채 AAA,AAA,5.0,3.733
한국도로공사,공사/공단채 AAA,AAA,5.0,3.722
중소벤처기업진흥공단,공사/공단채 AAA,AAA,5.0,3.683
여수광양항만공사,공사/공단채 AAA,AAA,5.0,3.782
인천국제공항공사,공사/공단채 AAA,AAA,5.0,3.744
농어촌공사,공사/공단채 AAA,AAA,5.0,3.74
경기주택도시공사,공사/공단채 AAA,AAA,5.0,3.798
한국석유공사,공사/공단채 AAA,AAA,5.0,3.713
국가철도공단,공사/공단채 AAA,AAA,5.0,3.73
지역난방공사,공사/공단채 AAA,AAA,5.0,3.688
한국주택금융공사,공사/공단채 AAA,AAA,5.0,3.684
서울주택도시공사,공사/공단채 AAA,AAA,5.0,3.784
한국철도공사,공사/공단채 AAA,AAA,5.0,3.723
부산교통공사,공사/공단채 AAA,AAA,5.0,3.794
부산항만공사,공사/공단채 AAA,AAA,5.0,3.77
한국산업단지공단,공사/공단채 AAA,AAA,5.0,3.716
인천항만공사,공사/공단채 AAA,AAA,5.0,3.773
한국토지주택공사,공사/공단채 AAA,AAA,5.0,3.722
울산항만공사,공사/공단채 AAA,AAA,5.0,3.724
한국수자원공사,공사/공단채 AAA,AAA,5.0,3.722
서울교통공사,공사/공단채 AAA,AAA,5.0,3.811
한국해양진흥공사,공사/공단채 AAA,AAA,5.0,3.713
한국해외인프라도시개발지원공사,공사/공단채 AAA,AAA,5.0,3.771
한국공항공사,공사/공단채 AAA,AAA,5.0,3.759
광해광업공단,공사/공단채 AAA,AAA,5.0,3.776
평택도시공사,공사/공단채 AA0,AA,5.0,4.018
용인도시공사,공사/공단채 AA0,AA,5.0,4.107
하남도시공사,공사/공단채 AA0,AA,5.0,4.084
김해시도시개발공사,공사/공단채 AA0,AA,5.0,4.016
과천도시공사,공사/공단채 AA0,AA,5.0,4.095
고양도시관리공사,공사/공단채 AA0,AA,5.0,4.057
안산도시공사,공사/공단채 AA0,AA,5.0,4.097
안양도시공사,공사/공단채 AA0,AA,5.0,4.001
대구도시개발공사,공사/공단채 AA+,AA+,5.0,3.877
부산도시공사,공사/공단채 AA+,AA+,5.0,3.862
대전도시공사,공사/공단채 AA+,AA+,5.0,3.876
대구교통공사,공사/공단채 AA+,AA+,5.0,3.921
광주광역시도시공사,공사/공단채 AA+,AA+,5.0,3.904
인천도시공사,공사/공단채 AA+,AA+,5.0,3.835
경남개발공사,공사/공단채 AA+,AA+,5.0,3.885
경상북도개발공사,공사/공단채 AA+,AA+,5.0,3.908
전남개발공사,공사/공단채 AA+,AA+,5.0,3.861
충북개발공사,공사/공단채 AA+,AA+,5.0,3.871
충청남도개발공사,공사/공단채 AA+,AA+,5.0,3.906
울산도시공사,공사/공단채 AA+,AA+,5.0,3.877
인천교통공사,공사/공단채 AA+,AA+,5.0,3.884
경기평택항만공사,공사/공단채 AA+,AA+,5.0,4.014
세종도시교통공사,공사/공단채 AA+,AA+,5.0,3.877
기업은행,금융채 은행채 AAA(중금-이표),AAA,7.0,3.753
산업은행,금융채 은행채 AAA(산금-이표),AAA,7.0,3.73
신한은행,금융채 은행채 AAA,AAA,7.0,3.832
스탠다드차타드은행,금융채 은행채 AAA,AAA,7.0,3.848
하나은행,금융채 은행채 AAA,AAA,7.0,3.832
아이엠뱅크,금융채 은행채 AAA,AAA,7.0,3.847
부산은행,금융채 은행채 AAA,AAA,7.0,3.845
국민은행,금융채 은행채 AAA,AAA,7.0,3.832
한국수출입은행,금융채 은행채 AAA,AAA,7.0,3.73
우리은행,금융채 은행채 AAA,AAA,7.0,3.832
수협은행,금융채 은행채 AAA,AAA,7.0,3.837
농협은행,금융채 은행채 AAA,AAA,7.0,3.832
제주은행,금융채 은행채 AA+,AA+,7.0,3.922
전북은행,금융채 은행채 AA+,AA+,7.0,3.912
경남은행,금융채 은행채 AA+,AA+,7.0,3.901
광주은행,금융채 은행채 AA+,AA+,7.0,3.907
예금보험공사(정부보증),공사/공단채 정부보증,AAA,7.0,3.722
한국장학재단,공사/공단채 정부보증,AAA,7.0,3.722
한국전력공사,공사/공단채 AAA,AAA,7.0,3.862
농협중앙회,공사/공단채 AAA,AAA,7.0,3.794
수협중앙회,공사/공단채 AAA,AAA,7.0,3.815
한국자산관리공사,공사/공단채 AAA,AAA,7.0,3.75
한국가스공사,공사/공단채 AAA,AAA,7.0,3.805
주택도시보증공사,공사/공단채 AAA,AAA,7.0,3.789
한국도로공사,공사/공단채 AAA,AAA,7.0,3.774
중소벤처기업진흥공단,공사/공단채 AAA,AAA,7.0,3.745
여수광양항만공사,공사/공단채 AAA,AAA,7.0,3.847
인천국제공항공사,공사/공단채 AAA,AAA,7.0,3.823
농어촌공사,공사/공단채 AAA,AAA,7.0,3.791
경기주택도시공사,공사/공단채 AAA,AAA,7.0,3.874
한국석유공사,공사/공단채 AAA,AAA,7.0,3.769
국가철도공단,공사/공단채 AAA,AAA,7.0,3.784
지역난방공사,공사/공단채 AAA,AAA,7.0,3.746
한국주택금융공사,공사/공단채 AAA,AAA,7.0,3.76
서울주택도시공사,공사/공단채 AAA,AAA,7.0,3.84
한국철도공사,공사/공단채 AAA,AAA,7.0,3.777
부산교통공사,공사/공단채 AAA,AAA,7.0,3.859
부산항만공사,공사/공단채 AAA,AAA,7.0,3.82
한국산업단지공단,공사/공단채 AAA,AAA,7.0,3.775
인천항만공사,공사/공단채 AAA,AAA,7.0,3.826
한국토지주택공사,공사/공단채 AAA,AAA,7.0,3.771
울산항만공사,공사/공단채 AAA,AAA,7.0,3.783
한국수자원공사,공사/공단채 AAA,AAA,7.0,3.77
서울교통공사,공사/공단채 AAA,AAA,7.0,3.868
한국해양진흥공사,공사/공단채 AAA,AAA,7.0,3.771
한국해외인프라도시개발지원공사,공사/공단채 AAA,AAA,7.0,3.823
한국공항공사,공사/공단채 AAA,AAA,7.0,3.822
광해광업공단,공사/공단채 AAA,AAA,7.0,3.855
평택도시공사,공사/공단채 AA0,AA,7.0,4.103
용인도시공사,공사/공단채 AA0,AA,7.0,4.185
하남도시공사,공사/공단채 AA0,AA,7.0,4.168
김해시도시개발공사,공사/공단채 AA0,AA,7.0,4.092
과천도시공사,공사/공단채 AA0,AA,7.0,4.174
고양도시관리공사,공사/공단채 AA0,AA,7.0,4.148
안산도시공사,공사/공단채 AA0,AA,7.0,4.181
안양도시공사,공사/공단채 AA0,AA,7.0,4.057
대구도시개발공사,공사/공단채 AA+,AA+,7.0,3.946
부산도시공사,공사/공단채 AA+,AA+,7.0,3.921
대전도시공사,공사/공단채 AA+,AA+,7.0,3.936
대구교통공사,공사/공단채 AA+,AA+,7.0,3.983
광주광역시도시공사,공사/공단채 AA+,AA+,7.0,3.974
인천도시공사,공사/공단채 AA+,AA+,7.0,3.955
경남개발공사,공사/공단채 AA+,AA+,7.0,3.953
경상북도개발공사,공사/공단채 AA+,AA+,7.0,3.968
전남개발공사,공사/공단채 AA+,AA+,7.0,3.922
충북개발공사,공사/공단채 AA+,AA+,7.0,3.941
충청남도개발공사,공사/공단채 AA+,AA+,7.0,3.971
울산도시공사,공사/공단채 AA+,AA+,7.0,3.943
인천교통공사,공사/공단채 AA+,AA+,7.0,3.954
경기평택항만공사,공사/공단채 AA+,AA+,7.0,4.073
세종도시교통공사,공사/공단채 AA+,AA+,7.0,3.939
기업은행,금융채 은행채 AAA(중금-이표),AAA,10.0,3.996
산업은행,금융채 은행채 AAA(산금-이표),AAA,10.0,3.969
신한은행,금융채 은행채 AAA,AAA,10.0,4.069
스탠다드차타드은행,금융채 은행채 AAA,AAA,10.0,4.083
하나은행,금융채 은행채 AAA,AAA,10.0,4.069
아이엠뱅크,금융채 은행채 AAA,AAA,10.0,4.083
부산은행,금융채 은행채 AAA,AAA,10.0,4.081
국민은행,금융채 은행채 AAA,AAA,10.0,4.069
한국수출입은행,금융채 은행채 AAA,AAA,10.0,3.971
우리은행,금융채 은행채 AAA,AAA,10.0,4.069
수협은행,금융채 은행채 AAA,AAA,10.0,4.074
농협은행,금융채 은행채 AAA,AAA,10.0,4.069
제주은행,금융채 은행채 AA+,AA+,10.0,4.166
전북은행,금융채 은행채 AA+,AA+,10.0,4.153
경남은행,금융채 은행채 AA+,AA+,10.0,4.145
광주은행,금융채 은행채 AA+,AA+,10.0,4.153
예금보험공사(정부보증),공사/공단채 정부보증,AAA,10.0,3.775
한국장학재단,공사/공단채 정부보증,AAA,10.0,3.775
한국전력공사,공사/공단채 AAA,AAA,10.0,3.961
농협중앙회,공사/공단채 AAA,AAA,10.0,3.865
수협중앙회,공사/공단채 AAA,AAA,10.0,3.882
한국자산관리공사,공사/공단채 AAA,AAA,10.0,3.841
한국가스공사,공사/공단채 AAA,AAA,10.0,3.884
주택도시보증공사,공사/공단채 AAA,AAA,10.0,3.835
한국도로공사,공사/공단채 AAA,AAA,10.0,3.856
중소벤처기업진흥공단,공사/공단채 AAA,AAA,10.0,3.813
여수광양항만공사,공사/공단채 AAA,AAA,10.0,3.921
인천국제공항공사,공사/공단채 AAA,AAA,10.0,3.904
농어촌공사,공사/공단채 AAA,AAA,10.0,3.863
경기주택도시공사,공사/공단채 AAA,AAA,10.0,3.951
한국석유공사,공사/공단채 AAA,AAA,10.0,3.841
국가철도공단,공사/공단채 AAA,AAA,10.0,3.853
지역난방공사,공사/공단채 AAA,AAA,10.0,3.828
한국주택금융공사,공사/공단채 AAA,AAA,10.0,3.849
서울주택도시공사,공사/공단채 AAA,AAA,10.0,3.922
한국철도공사,공사/공단채 AAA,AAA,10.0,3.824
부산교통공사,공사/공단채 AAA,AAA,10.0,3.931
부산항만공사,공사/공단채 AAA,AAA,10.0,3.877
한국산업단지공단,공사/공단채 AAA,AAA,10.0,3.847
인천항만공사,공사/공단채 AAA,AAA,10.0,3.893
한국토지주택공사,공사/공단채 AAA,AAA,10.0,3.839
울산항만공사,공사/공단채 AAA,AAA,10.0,3.854
한국수자원공사,공사/공단채 AAA,AAA,10.0,3.842
서울교통공사,공사/공단채 AAA,AAA,10.0,3.95
한국해양진흥공사,공사/공단채 AAA,AAA,10.0,3.842
한국해외인프라도시개발지원공사,공사/공단채 AAA,AAA,10.0,3.888
한국공항공사,공사/공단채 AAA,AAA,10.0,3.902
광해광업공단,공사/공단채 AAA,AAA,10.0,3.945
평택도시공사,공사/공단채 AA0,AA,10.0,4.237
용인도시공사,공사/공단채 AA0,AA,10.0,4.314
하남도시공사,공사/공단채 AA0,AA,10.0,4.295
김해시도시개발공사,공사/공단채 AA0,AA,10.0,4.222
과천도시공사,공사/공단채 AA0,AA,10.0,4.307
고양도시관리공사,공사/공단채 AA0,AA,10.0,4.277
안산도시공사,공사/공단채 AA0,AA,10.0,4.314
안양도시공사,공사/공단채 AA0,AA,10.0,4.194
대구도시개발공사,공사/공단채 AA+,AA+,10.0,4.075
부산도시공사,공사/공단채 AA+,AA+,10.0,4.042
대전도시공사,공사/공단채 AA+,AA+,10.0,4.059
대구교통공사,공사/공단채 AA+,AA+,10.0,4.109
광주광역시도시공사,공사/공단채 AA+,AA+,10.0,4.101
인천도시공사,공사/공단채 AA+,AA+,10.0,4.09
경남개발공사,공사/공단채 AA+,AA+,10.0,4.081
경상북도개발공사,공사/공단채 AA+,AA+,10.0,4.095
전남개발공사,공사/공단채 AA+,AA+,10.0,4.049
충북개발공사,공사/공단채 AA+,AA+,10.0,4.067
충청남도개발공사,공사/공단채 AA+,AA+,10.0,4.097
울산도시공사,공사/공단채 AA+,AA+,10.0,4.069
인천교통공사,공사/공단채 AA+,AA+,10.0,4.08
경기평택항만공사,공사/공단채 AA+,AA+,10.0,4.199
세종도시교통공사,공사/공단채 AA+,AA+,10.0,4.065
기업은행,금융채 은행채 AAA(중금-이표),AAA,15.0,4.131
산업은행,금융채 은행채 AAA(산금-이표),AAA,15.0,4.105
신한은행,금융채 은행채 AAA,AAA,15.0,4.208
스탠다드차타드은행,금융채 은행채 AAA,AAA,15.0,4.243
하나은행,금융채 은행채 AAA,AAA,15.0,4.208
아이엠뱅크,금융채 은행채 AAA,AAA,15.0,4.235
부산은행,금융채 은행채 AAA,AAA,15.0,4.235
국민은행,금융채 은행채 AAA,AAA,15.0,4.208
한국수출입은행,금융채 은행채 AAA,AAA,15.0,4.11
우리은행,금융채 은행채 AAA,AAA,15.0,4.208
수협은행,금융채 은행채 AAA,AAA,15.0,4.217
농협은행,금융채 은행채 AAA,AAA,15.0,4.208
제주은행,금융채 은행채 AA+,AA+,15.0,4.375
전북은행,금융채 은행채 AA+,AA+,15.0,4.347
경남은행,금융채 은행채 AA+,AA+,15.0,4.35
광주은행,금융채 은행채 AA+,AA+,15.0,4.36
예금보험공사(정부보증),공사/공단채 정부보증,AAA,15.0,3.754
한국장학재단,공사/공단채 정부보증,AAA,15.0,3.758
한국전력공사,공사/공단채 AAA,AAA,15.0,3.958
농협중앙회,공사/공단채 AAA,AAA,15.0,3.839
수협중앙회,공사/공단채 AAA,AAA,15.0,3.869
한국자산관리공사,공사/공단채 AAA,AAA,15.0,3.831
한국가스공사,공사/공단채 AAA,AAA,15.0,3.864
주택도시보증공사,공사/공단채 AAA,AAA,15.0,3.827
한국도로공사,공사/공단채 AAA,AAA,15.0,3.816
중소벤처기업진흥공단,공사/공단채 AAA,AAA,15.0,3.805
여수광양항만공사,공사/공단채 AAA,AAA,15.0,3.906
인천국제공항공사,공사/공단채 AAA,AAA,15.0,3.894
농어촌공사,공사/공단채 AAA,AAA,15.0,3.849
경기주택도시공사,공사/공단채 AAA,AAA,15.0,3.948
한국석유공사,공사/공단채 AAA,AAA,15.0,3.815
국가철도공단,공사/공단채 AAA,AAA,15.0,3.832
지역난방공사,공사/공단채 AAA,AAA,15.0,3.813
한국주택금융공사,공사/공단채 AAA,AAA,15.0,3.829
서울주택도시공사,공사/공단채 AAA,AAA,15.0,3.901
한국철도공사,공사/공단채 AAA,AAA,15.0,3.798
부산교통공사,공사/공단채 AAA,AAA,15.0,3.907
부산항만공사,공사/공단채 AAA,AAA,15.0,3.858
한국산업단지공단,공사/공단채 AAA,AAA,15.0,3.824
인천항만공사,공사/공단채 AAA,AAA,15.0,3.879
한국토지주택공사,공사/공단채 AAA,AAA,15.0,3.818
울산항만공사,공사/공단채 AAA,AAA,15.0,3.837
한국수자원공사,공사/공단채 AAA,AAA,15.0,3.803
서울교통공사,공사/공단채 AAA,AAA,15.0,3.932
한국해양진흥공사,공사/공단채 AAA,AAA,15.0,3.805
한국해외인프라도시개발지원공사,공사/공단채 AAA,AAA,15.0,3.86
한국공항공사,공사/공단채 AAA,AAA,15.0,3.889
광해광업공단,공사/공단채 AAA,AAA,15.0,3.944
평택도시공사,공사/공단채 AA0,AA,15.0,4.25
용인도시공사,공사/공단채 AA0,AA,15.0,4.325
하남도시공사,공사/공단채 AA0,AA,15.0,4.298
김해시도시개발공사,공사/공단채 AA0,AA,15.0,4.242
과천도시공사,공사/공단채 AA0,AA,15.0,4.31
고양도시관리공사,공사/공단채 AA0,AA,15.0,4.285
안산도시공사,공사/공단채 AA0,AA,15.0,4.315
안양도시공사,공사/공단채 AA0,AA,15.0,4.223
대구도시개발공사,공사/공단채 AA+,AA+,15.0,4.082
부산도시공사,공사/공단채 AA+,AA+,15.0,4.04
대전도시공사,공사/공단채 AA+,AA+,15.0,4.067
대구교통공사,공사/공단채 AA+,AA+,15.0,4.112
광주광역시도시공사,공사/공단채 AA+,AA+,15.0,4.122
인천도시공사,공사/공단채 AA+,AA+,15.0,4.1
경남개발공사,공사/공단채 AA+,AA+,15.0,4.082
경상북도개발공사,공사/공단채 AA+,AA+,15.0,4.097
전남개발공사,공사/공단채 AA+,AA+,15.0,4.052
충북개발공사,공사/공단채 AA+,AA+,15.0,4.072
충청남도개발공사,공사/공단채 AA+,AA+,15.0,4.105
울산도시공사,공사/공단채 AA+,AA+,15.0,4.067
인천교통공사,공사/공단채 AA+,AA+,15.0,4.087
경기평택항만공사,공사/공단채 AA+,AA+,15.0,4.197
세종도시교통공사,공사/공단채 AA+,AA+,15.0,4.062
기업은행,금융채 은행채 AAA(중금-이표),AAA,20.0,4.261
산업은행,금융채 은행채 AAA(산금-이표),AAA,20.0,4.227
신한은행,금융채 은행채 AAA,AAA,20.0,4.34
스탠다드차타드은행,금융채 은행채 AAA,AAA,20.0,4.365
하나은행,금융채 은행채 AAA,AAA,20.0,4.34
아이엠뱅크,금융채 은행채 AAA,AAA,20.0,4.365
부산은행,금융채 은행채 AAA,AAA,20.0,4.363
국민은행,금융채 은행채 AAA,AAA,20.0,4.34
한국수출입은행,금융채 은행채 AAA,AAA,20.0,4.229
우리은행,금융채 은행채 AAA,AAA,20.0,4.34
수협은행,금융채 은행채 AAA,AAA,20.0,4.346
농협은행,금융채 은행채 AAA,AAA,20.0,4.34
제주은행,금융채 은행채 AA+,AA+,20.0,4.551
전북은행,금융채 은행채 AA+,AA+,20.0,4.529
경남은행,금융채 은행채 AA+,AA+,20.0,4.529
광주은행,금융채 은행채 AA+,AA+,20.0,4.537
예금보험공사(정부보증),공사/공단채 정부보증,AAA,20.0,3.75
한국장학재단,공사/공단채 정부보증,AAA,20.0,3.75
한국전력공사,공사/공단채 AAA,AAA,20.0,3.96
농협중앙회,공사/공단채 AAA,AAA,20.0,3.84
수협중앙회,공사/공단채 AAA,AAA,20.0,3.865
한국자산관리공사,공사/공단채 AAA,AAA,20.0,3.832
한국가스공사,공사/공단채 AAA,AAA,20.0,3.863
주택도시보증공사,공사/공단채 AAA,AAA,20.0,3.846
한국도로공사,공사/공단채 AAA,AAA,20.0,3.78
중소벤처기업진흥공단,공사/공단채 AAA,AAA,20.0,3.805
여수광양항만공사,공사/공단채 AAA,AAA,20.0,3.903
인천국제공항공사,공사/공단채 AAA,AAA,20.0,3.893
농어촌공사,공사/공단채 AAA,AAA,20.0,3.843
경기주택도시공사,공사/공단채 AAA,AAA,20.0,3.956
한국석유공사,공사/공단채 AAA,AAA,20.0,3.821
국가철도공단,공사/공단채 AAA,AAA,20.0,3.817
지역난방공사,공사/공단채 AAA,AAA,20.0,3.828
한국주택금융공사,공사/공단채 AAA,AAA,20.0,3.83
서울주택도시공사,공사/공단채 AAA,AAA,20.0,3.909
한국철도공사,공사/공단채 AAA,AAA,20.0,3.794
부산교통공사,공사/공단채 AAA,AAA,20.0,3.908
부산항만공사,공사/공단채 AAA,AAA,20.0,3.848
한국산업단지공단,공사/공단채 AAA,AAA,20.0,3.827
인천항만공사,공사/공단채 AAA,AAA,20.0,3.873
한국토지주택공사,공사/공단채 AAA,AAA,20.0,3.806
울산항만공사,공사/공단채 AAA,AAA,20.0,3.835
한국수자원공사,공사/공단채 AAA,AAA,20.0,3.78
서울교통공사,공사/공단채 AAA,AAA,20.0,3.932
한국해양진흥공사,공사/공단채 AAA,AAA,20.0,3.807
한국해외인프라도시개발지원공사,공사/공단채 AAA,AAA,20.0,3.856
한국공항공사,공사/공단채 AAA,AAA,20.0,3.883
광해광업공단,공사/공단채 AAA,AAA,20.0,3.949
평택도시공사,공사/공단채 AA0,AA,20.0,4.301
용인도시공사,공사/공단채 AA0,AA,20.0,4.372
하남도시공사,공사/공단채 AA0,AA,20.0,4.344
김해시도시개발공사,공사/공단채 AA0,AA,20.0,4.271
과천도시공사,공사/공단채 AA0,AA,20.0,4.359
고양도시관리공사,공사/공단채 AA0,AA,20.0,4.326
안산도시공사,공사/공단채 AA0,AA,20.0,4.364
안양도시공사,공사/공단채 AA0,AA,20.0,4.251
대구도시개발공사,공사/공단채 AA+,AA+,20.0,4.113
부산도시공사,공사/공단채 AA+,AA+,20.0,4.078
대전도시공사,공사/공단채 AA+,AA+,20.0,4.094
대구교통공사,공사/공단채 AA+,AA+,20.0,4.146
광주광역시도시공사,공사/공단채 AA+,AA+,20.0,4.144
인천도시공사,공사/공단채 AA+,AA+,20.0,4.135
경남개발공사,공사/공단채 AA+,AA+,20.0,4.119
경상북도개발공사,공사/공단채 AA+,AA+,20.0,4.13
전남개발공사,공사/공단채 AA+,AA+,20.0,4.076
충북개발공사,공사/공단채 AA+,AA+,20.0,4.108
충청남도개발공사,공사/공단채 AA+,AA+,20.0,4.135
울산도시공사,공사/공단채 AA+,AA+,20.0,4.106
인천교통공사,공사/공단채 AA+,AA+,20.0,4.12
경기평택항만공사,공사/공단채 AA+,AA+,20.0,4.236
세종도시교통공사,공사/공단채 AA+,AA+,20.0,4.11
한국전력공사,공사/공단채 AAA,AAA,30.0,3.864
농협중앙회,공사/공단채 AAA,AAA,30.0,3.751
수협중앙회,공사/공단채 AAA,AAA,30.0,3.783
한국자산관리공사,공사/공단채 AAA,AAA,30.0,3.747
한국가스공사,공사/공단채 AAA,AAA,30.0,3.771
주택도시보증공사,공사/공단채 AAA,AAA,30.0,3.753
한국도로공사,공사/공단채 AAA,AAA,30.0,3.668
중소벤처기업진흥공단,공사/공단채 AAA,AAA,30.0,3.709
여수광양항만공사,공사/공단채 AAA,AAA,30.0,3.823
인천국제공항공사,공사/공단채 AAA,AAA,30.0,3.816
농어촌공사,공사/공단채 AAA,AAA,30.0,3.761
경기주택도시공사,공사/공단채 AAA,AAA,30.0,3.874
한국석유공사,공사/공단채 AAA,AAA,30.0,3.727
국가철도공단,공사/공단채 AAA,AAA,30.0,3.719
지역난방공사,공사/공단채 AAA,AAA,30.0,3.743
한국주택금융공사,공사/공단채 AAA,AAA,30.0,3.741
서울주택도시공사,공사/공단채 AAA,AAA,30.0,3.815
한국철도공사,공사/공단채 AAA,AAA,30.0,3.69
부산교통공사,공사/공단채 AAA,AAA,30.0,3.818
부산항만공사,공사/공단채 AAA,AAA,30.0,3.76
한국산업단지공단,공사/공단채 AAA,AAA,30.0,3.736
인천항만공사,공사/공단채 AAA,AAA,30.0,3.791
한국토지주택공사,공사/공단채 AAA,AAA,30.0,3.699
울산항만공사,공사/공단채 AAA,AAA,30.0,3.75
한국수자원공사,공사/공단채 AAA,AAA,30.0,3.671
서울교통공사,공사/공단채 AAA,AAA,30.0,3.848
한국해양진흥공사,공사/공단채 AAA,AAA,30.0,3.703
한국해외인프라도시개발지원공사,공사/공단채 AAA,AAA,30.0,3.759
한국공항공사,공사/공단채 AAA,AAA,30.0,3.801
광해광업공단,공사/공단채 AAA,AAA,30.0,3.857
